https://tennisplaza.jp/１／１３　本日イベント開催日/	https://tennisplaza.jp/wp/wp-content/uploads/2018/12/20181226_215235-213x300.jpg
https://tennisplaza.jp/10：マキ太くん/	https://tennisplaza.jp/wp/wp-content/uploads/2018/12/20181226_215235-213x300.jpg
https://tennisplaza.jp/100：外でもyoutube/	https://tennisplaza.jp/wp/wp-content/uploads/2020/11/20201206_093743-213x300.jpg
https://tennisplaza.jp/100：外でもyoutube/	https://tennisplaza.jp/wp/wp-content/uploads/2021/01/20201215_064237-1-214x300.jpg
https://tennisplaza.jp/101：hey-siri！！！/	https://tennisplaza.jp/wp/wp-content/uploads/2020/11/20201206_093743-213x300.jpg
https://tennisplaza.jp/101：hey-siri！！！/	https://tennisplaza.jp/wp/wp-content/uploads/2021/01/20201215_064237-1-214x300.jpg
https://tennisplaza.jp/102：ナイツ/	https://tennisplaza.jp/wp-content/uploads/2025/04/20945-2009-d68c94fecc18a8b32e5cba537c1793d0-1.webp
https://tennisplaza.jp/102：ナイツ/	https://tennisplaza.jp/wp/wp-content/uploads/2019/03/20190303_081902.jpg
https://tennisplaza.jp/103：必殺技/	https://tennisplaza.jp/wp/wp-content/uploads/2019/03/20190303_081902.jpg
https://tennisplaza.jp/1032-2/	https://tennisplaza.jp/wp/wp-content/uploads/2024/12/1734328168693-225x300.jpg
https://tennisplaza.jp/1032-2/	https://tennisplaza.jp/wp/wp-content/uploads/2024/12/1734328178337-300x225.jpg
https://tennisplaza.jp/1032-2/	https://tennisplaza.jp/wp/wp-content/uploads/2024/12/1734328185855-218x300.jpg
https://tennisplaza.jp/104：メルカリ/	https://tennisplaza.jp/wp/wp-content/uploads/2019/03/20190303_081902.jpg
https://tennisplaza.jp/105：ダンロップラケットキャンペーン/	https://tennisplaza.jp/wp/wp-content/uploads/2019/03/20190303_081902.jpg
https://tennisplaza.jp/105：ダンロップラケットキャンペーン/	https://tennisplaza.jp/wp/wp-content/uploads/2021/05/20210515_001913-211x300.jpg
https://tennisplaza.jp/106：活気あるクラブ作り/	https://tennisplaza.jp/wp/wp-content/uploads/2019/03/20190303_081902.jpg
https://tennisplaza.jp/106：活気あるクラブ作り/	https://tennisplaza.jp/wp/wp-content/uploads/2021/05/20210520_153956-300x240.jpg
https://tennisplaza.jp/106：活気あるクラブ作り/	https://tennisplaza.jp/wp/wp-content/uploads/2021/05/20210520_154040-300x297.jpg
https://tennisplaza.jp/106：活気あるクラブ作り/	https://tennisplaza.jp/wp/wp-content/uploads/2021/05/20210520_154139-300x225.jpg
https://tennisplaza.jp/106：活気あるクラブ作り/	https://tennisplaza.jp/wp/wp-content/uploads/2021/05/IMG_20210520_145853_109-300x300.jpg
https://tennisplaza.jp/107：そんなに似てる？/	https://tennisplaza.jp/wp/wp-content/uploads/2019/03/20190303_081902.jpg
https://tennisplaza.jp/108：手ぶらでできる！グランピング！/	https://tennisplaza.jp/wp/wp-content/uploads/2019/03/20190303_081902.jpg
https://tennisplaza.jp/109：潮江緑遊公園/	https://tennisplaza.jp/wp/wp-content/uploads/2019/03/20190303_081902.jpg
https://tennisplaza.jp/109：潮江緑遊公園/	https://tennisplaza.jp/wp/wp-content/uploads/2021/07/20210707_125109-300x190.jpg
https://tennisplaza.jp/109：潮江緑遊公園/	https://tennisplaza.jp/wp/wp-content/uploads/2021/07/20210707_130325-300x201.jpg
https://tennisplaza.jp/109：潮江緑遊公園/	https://tennisplaza.jp/wp/wp-content/uploads/2021/07/20210707_130347-300x204.jpg
https://tennisplaza.jp/109：潮江緑遊公園/	https://tennisplaza.jp/wp/wp-content/uploads/2021/07/20210707_130507-300x253.jpg
https://tennisplaza.jp/11：インターンシップ/	https://tennisplaza.jp/wp/wp-content/uploads/2018/12/20181226_215235-213x300.jpg
https://tennisplaza.jp/110：yonexシューズキャンペーン/	https://tennisplaza.jp/wp/wp-content/uploads/2019/03/20190303_081902.jpg
https://tennisplaza.jp/110：yonexシューズキャンペーン/	https://tennisplaza.jp/wp/wp-content/uploads/2021/07/IMG_20210708_154325_743-300x225.jpg
https://tennisplaza.jp/110：yonexシューズキャンペーン/	https://tennisplaza.jp/wp/wp-content/uploads/2021/07/IMG_20210708_154325_770-300x225.jpg
https://tennisplaza.jp/111：絶品すぎる！クラブハリエのバームクーヘン/	https://tennisplaza.jp/wp/wp-content/uploads/2019/03/20190303_081902.jpg
https://tennisplaza.jp/112：マクドナルドの新作月見/	https://tennisplaza.jp/wp/wp-content/uploads/2019/03/20190303_081902.jpg
https://tennisplaza.jp/113：オッドタクシー/	https://tennisplaza.jp/wp/wp-content/uploads/2019/03/20190303_081902.jpg
https://tennisplaza.jp/118：トレーニングとは刺激である/	https://tennisplaza.jp/wp/wp-content/uploads/2021/10/20211029_064855-1-209x300.jpg
https://tennisplaza.jp/122：ｓコーチを紹介します/	https://tennisplaza.jp/wp/wp-content/uploads/2021/11/20211112_150711-289x300.jpg
https://tennisplaza.jp/122：ｓコーチを紹介します/	https://tennisplaza.jp/wp/wp-content/uploads/2021/11/20211112_150731-275x300.jpg
https://tennisplaza.jp/122：ｓコーチを紹介します/	https://tennisplaza.jp/wp/wp-content/uploads/2021/11/20211112_150745-263x300.jpg
https://tennisplaza.jp/122：ｓコーチを紹介します/	https://tennisplaza.jp/wp/wp-content/uploads/2021/11/20211112_150758-276x300.jpg
https://tennisplaza.jp/128：wコーチを紹介します/	https://tennisplaza.jp/wp/wp-content/uploads/2021/11/20211112_150127-280x300.jpg
https://tennisplaza.jp/128：wコーチを紹介します/	https://tennisplaza.jp/wp/wp-content/uploads/2021/11/20211112_150144-300x251.jpg
https://tennisplaza.jp/128：wコーチを紹介します/	https://tennisplaza.jp/wp/wp-content/uploads/2021/11/20211112_150159-300x278.jpg
https://tennisplaza.jp/128：wコーチを紹介します/	https://tennisplaza.jp/wp/wp-content/uploads/2021/11/20211112_150214-300x283.jpg
https://tennisplaza.jp/129：oコーチを紹介します/	https://tennisplaza.jp/wp/wp-content/uploads/2021/11/20211112_150523-286x300.jpg
https://tennisplaza.jp/129：oコーチを紹介します/	https://tennisplaza.jp/wp/wp-content/uploads/2021/11/20211112_150538-300x300.jpg
https://tennisplaza.jp/129：oコーチを紹介します/	https://tennisplaza.jp/wp/wp-content/uploads/2021/11/20211112_150554-300x300.jpg
https://tennisplaza.jp/129：oコーチを紹介します/	https://tennisplaza.jp/wp/wp-content/uploads/2021/11/20211112_150608-290x300.jpg
https://tennisplaza.jp/129：oコーチを紹介します/	https://tennisplaza.jp/wp/wp-content/uploads/2021/11/20211112_150624-276x300.jpg
https://tennisplaza.jp/13：体育の授業で、、、/	https://tennisplaza.jp/wp/wp-content/uploads/2018/12/20181226_215235-213x300.jpg
https://tennisplaza.jp/130：iコーチを紹介します/	https://tennisplaza.jp/wp/wp-content/uploads/2021/11/20211112_150304-281x300.jpg
https://tennisplaza.jp/130：iコーチを紹介します/	https://tennisplaza.jp/wp/wp-content/uploads/2021/11/20211112_150317-300x263.jpg
https://tennisplaza.jp/130：iコーチを紹介します/	https://tennisplaza.jp/wp/wp-content/uploads/2021/11/20211112_150334-280x300.jpg
https://tennisplaza.jp/130：iコーチを紹介します/	https://tennisplaza.jp/wp/wp-content/uploads/2021/11/20211112_150402-300x294.jpg
https://tennisplaza.jp/131：愛すべきｉコーチ/	https://tennisplaza.jp/wp/wp-content/uploads/2022/01/20220122_192436-229x300.jpg
https://tennisplaza.jp/131：愛すべきｉコーチ/	https://tennisplaza.jp/wp/wp-content/uploads/2022/01/20220122_192500-221x300.jpg
https://tennisplaza.jp/132：ドトールコーヒー/	https://tennisplaza.jp/wp/wp-content/uploads/2022/01/1642990363917-300x225.jpg
https://tennisplaza.jp/136：jrといえばoコーチ！！/	https://tennisplaza.jp/wp/wp-content/uploads/2022/02/20220215_220701-300x185.jpg
https://tennisplaza.jp/136：jrといえばoコーチ！！/	https://tennisplaza.jp/wp/wp-content/uploads/2022/02/20220215_220722-300x180.jpg
https://tennisplaza.jp/14：ネット張り替え/	https://tennisplaza.jp/wp/wp-content/uploads/2018/12/20181226_215235-213x300.jpg
https://tennisplaza.jp/14：ネット張り替え/	https://tennisplaza.jp/wp/wp-content/uploads/2019/02/20190129_140721-300x247.jpg
https://tennisplaza.jp/14：ネット張り替え/	https://tennisplaza.jp/wp/wp-content/uploads/2019/02/20190129_140742-300x295.jpg
https://tennisplaza.jp/14：ネット張り替え/	https://tennisplaza.jp/wp/wp-content/uploads/2019/02/20190129_140836-300x201.jpg
https://tennisplaza.jp/142：初ハーフマラソンチャレンジ企画～けっかは/	https://tennisplaza.jp/wp/wp-content/uploads/2022/03/20220313_132850-214x300.jpg
https://tennisplaza.jp/144：500円貯金の本/	https://tennisplaza.jp/wp/wp-content/uploads/2022/03/1647733531616-225x300.jpg
https://tennisplaza.jp/144：500円貯金の本/	https://tennisplaza.jp/wp/wp-content/uploads/2022/03/1647733531774-225x300.jpg
https://tennisplaza.jp/145：超お得！アパレルセール！/	https://tennisplaza.jp/wp/wp-content/uploads/2022/03/1647735290816-300x225.jpg
https://tennisplaza.jp/145：超お得！アパレルセール！/	https://tennisplaza.jp/wp/wp-content/uploads/2022/03/1647735291033-300x225.jpg
https://tennisplaza.jp/145：超お得！アパレルセール！/	https://tennisplaza.jp/wp/wp-content/uploads/2022/03/1647735291181-300x225.jpg
https://tennisplaza.jp/146：テニスをするメリット～一般クラス編～/	https://tennisplaza.jp/wp/wp-content/uploads/2022/03/20220313_132850-214x300.jpg
https://tennisplaza.jp/147：～春の初心者キャンペーン～　ラケットプレ/	https://tennisplaza.jp/wp/wp-content/uploads/2022/03/1648383116127-300x225.jpg
https://tennisplaza.jp/147：～春の初心者キャンペーン～　ラケットプレ/	https://tennisplaza.jp/wp/wp-content/uploads/2022/03/1648383116384-300x225.jpg
https://tennisplaza.jp/147：～春の初心者キャンペーン～　ラケットプレ/	https://tennisplaza.jp/wp/wp-content/uploads/2022/03/20220313_094100-214x300.jpg
https://tennisplaza.jp/147：～春の初心者キャンペーン～　ラケットプレ/	https://tennisplaza.jp/wp/wp-content/uploads/2022/03/20220313_132850-214x300.jpg
https://tennisplaza.jp/148：参観日イベント　～キッズクラス～/	https://tennisplaza.jp/wp/wp-content/uploads/2022/03/20220313_132850-214x300.jpg
https://tennisplaza.jp/148：参観日イベント　～キッズクラス～/	https://tennisplaza.jp/wp/wp-content/uploads/2022/04/1648888354797-300x150.jpg
https://tennisplaza.jp/149：ポムポムプリンくじ/	https://tennisplaza.jp/wp/wp-content/uploads/2022/03/20220313_132850-214x300.jpg
https://tennisplaza.jp/149：ポムポムプリンくじ/	https://tennisplaza.jp/wp/wp-content/uploads/2022/04/1650154174411-300x264.jpg
https://tennisplaza.jp/15：年賀状お年玉くじ/	https://tennisplaza.jp/wp/wp-content/uploads/2018/12/20181226_215235-213x300.jpg
https://tennisplaza.jp/15：年賀状お年玉くじ/	https://tennisplaza.jp/wp/wp-content/uploads/2019/01/20190202_220619-300x202.jpg
https://tennisplaza.jp/15：年賀状お年玉くじ/	https://tennisplaza.jp/wp/wp-content/uploads/2019/02/20190202_220849-300x139.jpg
https://tennisplaza.jp/150：プロテイン/	https://tennisplaza.jp/wp/wp-content/uploads/2022/03/20220313_132850-214x300.jpg
https://tennisplaza.jp/150：プロテイン/	https://tennisplaza.jp/wp/wp-content/uploads/2022/04/1650182614187-225x300.jpg
https://tennisplaza.jp/151：spyxfamily/	https://tennisplaza.jp/wp/wp-content/uploads/2022/03/20220313_132850-214x300.jpg
https://tennisplaza.jp/152：朝の運動は効果が沢山！！/	https://tennisplaza.jp/wp/wp-content/uploads/2022/03/20220313_132850-214x300.jpg
https://tennisplaza.jp/152：朝の運動は効果が沢山！！/	https://tennisplaza.jp/wp/wp-content/uploads/2022/05/1651998542207-300x225.jpg
https://tennisplaza.jp/153：ハーフマラソンチャレンジ第２弾/	https://tennisplaza.jp/wp/wp-content/uploads/2022/03/20220313_132850-214x300.jpg
https://tennisplaza.jp/153：ハーフマラソンチャレンジ第２弾/	https://tennisplaza.jp/wp/wp-content/uploads/2022/05/image2-1-225x300.jpeg
https://tennisplaza.jp/154：京都市学校歴史博物館/	https://tennisplaza.jp/wp/wp-content/uploads/2022/03/20220313_132850-214x300.jpg
https://tennisplaza.jp/154：京都市学校歴史博物館/	https://tennisplaza.jp/wp/wp-content/uploads/2022/05/1653135376467-300x225.jpg
https://tennisplaza.jp/154：京都市学校歴史博物館/	https://tennisplaza.jp/wp/wp-content/uploads/2022/05/1653135376523-300x225.jpg
https://tennisplaza.jp/155：sheinでお買い物！！/	https://tennisplaza.jp/wp/wp-content/uploads/2022/03/20220313_132850-214x300.jpg
https://tennisplaza.jp/155：sheinでお買い物！！/	https://tennisplaza.jp/wp/wp-content/uploads/2022/05/1653135364566-139x300.jpg
https://tennisplaza.jp/155：sheinでお買い物！！/	https://tennisplaza.jp/wp/wp-content/uploads/2022/05/1653135371601-139x300.jpg
https://tennisplaza.jp/155：sheinでお買い物！！/	https://tennisplaza.jp/wp/wp-content/uploads/2022/05/1653135371668-139x300.jpg
https://tennisplaza.jp/156：鰻の人気店「うなふじ」/	https://tennisplaza.jp/wp/wp-content/uploads/2022/03/20220313_132850-214x300.jpg
https://tennisplaza.jp/156：鰻の人気店「うなふじ」/	https://tennisplaza.jp/wp/wp-content/uploads/2022/05/20220607_082838-216x300.jpg
https://tennisplaza.jp/157：家庭用エアロバイク/	https://tennisplaza.jp/wp/wp-content/uploads/2022/03/20220313_132850-214x300.jpg
https://tennisplaza.jp/157：家庭用エアロバイク/	https://tennisplaza.jp/wp/wp-content/uploads/2022/05/20220607_082838-216x300.jpg
https://tennisplaza.jp/158：アベンヌウォーター/	https://tennisplaza.jp/wp/wp-content/uploads/2022/03/20220313_132850-214x300.jpg
https://tennisplaza.jp/158：アベンヌウォーター/	https://tennisplaza.jp/wp/wp-content/uploads/2022/05/20220607_082838-216x300.jpg
https://tennisplaza.jp/158：アベンヌウォーター/	https://tennisplaza.jp/wp/wp-content/uploads/2022/07/1658027648866-225x300.jpg
https://tennisplaza.jp/159：おすすめの冷凍食品/	https://tennisplaza.jp/wp/wp-content/uploads/2022/03/20220313_132850-214x300.jpg
https://tennisplaza.jp/159：おすすめの冷凍食品/	https://tennisplaza.jp/wp/wp-content/uploads/2022/05/20220607_082838-216x300.jpg
https://tennisplaza.jp/159：おすすめの冷凍食品/	https://tennisplaza.jp/wp/wp-content/uploads/2022/07/1658027637984-300x225.jpg
https://tennisplaza.jp/159：おすすめの冷凍食品/	https://tennisplaza.jp/wp/wp-content/uploads/2022/07/1658027641627-300x225.jpg
https://tennisplaza.jp/16：コーチって何人いるの？/	https://tennisplaza.jp/wp/wp-content/uploads/2018/12/20181226_215235-213x300.jpg
https://tennisplaza.jp/160：成人式の後撮り/	https://tennisplaza.jp/wp/wp-content/uploads/2022/07/1660120433621-300x225.jpg
https://tennisplaza.jp/160：成人式の後撮り/	https://tennisplaza.jp/wp/wp-content/uploads/2022/07/1660120436031-169x300.jpg
https://tennisplaza.jp/162：エナジードリンク/	https://tennisplaza.jp/wp/wp-content/uploads/2022/08/1660609375715-225x300.jpg
https://tennisplaza.jp/165：ジブリパーク/	https://tennisplaza.jp/wp/wp-content/uploads/2022/03/20220313_132850-214x300.jpg
https://tennisplaza.jp/166：おすすめの餃子屋/	https://tennisplaza.jp/wp/wp-content/uploads/2022/03/20220313_132850-214x300.jpg
https://tennisplaza.jp/166：おすすめの餃子屋/	https://tennisplaza.jp/wp/wp-content/uploads/2022/09/1664605791442-261x300.jpg
https://tennisplaza.jp/166：おすすめの餃子屋/	https://tennisplaza.jp/wp/wp-content/uploads/2022/09/1664605794803-300x225.jpg
https://tennisplaza.jp/166：おすすめの餃子屋/	https://tennisplaza.jp/wp/wp-content/uploads/2022/09/1664605797914-300x225.jpg
https://tennisplaza.jp/167：donq　editerのパン食べ放題/	https://tennisplaza.jp/wp/wp-content/uploads/2022/09/1664605783182-225x300.jpg
https://tennisplaza.jp/167：donq　editerのパン食べ放題/	https://tennisplaza.jp/wp/wp-content/uploads/2022/09/1664605783316-300x225.jpg
https://tennisplaza.jp/167：donq　editerのパン食べ放題/	https://tennisplaza.jp/wp/wp-content/uploads/2022/09/1664605787374-300x198.jpg
https://tennisplaza.jp/168：bufferinの違い/	https://tennisplaza.jp/wp/wp-content/uploads/2022/10/1667178832732-300x225.jpg
https://tennisplaza.jp/169：テニプラ！服のセール！！/	https://tennisplaza.jp/wp/wp-content/uploads/2022/11/1667876266478-300x225.jpg
https://tennisplaza.jp/169：テニプラ！服のセール！！/	https://tennisplaza.jp/wp/wp-content/uploads/2022/11/1667876266635-300x225.jpg
https://tennisplaza.jp/169：テニプラ！服のセール！！/	https://tennisplaza.jp/wp/wp-content/uploads/2022/11/1667876266722-300x225.jpg
https://tennisplaza.jp/169：テニプラ！服のセール！！/	https://tennisplaza.jp/wp/wp-content/uploads/2022/11/1667876266763-300x225.jpg
https://tennisplaza.jp/17：一般レッスンの流れ/	https://tennisplaza.jp/wp/wp-content/uploads/2018/12/20181226_215235-213x300.jpg
https://tennisplaza.jp/17：一般レッスンの流れ/	https://tennisplaza.jp/wp/wp-content/uploads/2019/02/20190208_073930-300x257.jpg
https://tennisplaza.jp/170：コーチをおだててその気にさせよう/	https://tennisplaza.jp/wp/wp-content/uploads/2022/11/20221118_163922-249x300.jpg
https://tennisplaza.jp/170：コーチをおだててその気にさせよう/	https://tennisplaza.jp/wp/wp-content/uploads/2022/11/20221118_163936-195x300.jpg
https://tennisplaza.jp/170：コーチをおだててその気にさせよう/	https://tennisplaza.jp/wp/wp-content/uploads/2022/11/20221118_164004-300x190.jpg
https://tennisplaza.jp/171：岩盤浴/	https://tennisplaza.jp/wp/wp-content/uploads/2022/10/1669165575658-300x185.jpg
https://tennisplaza.jp/171：岩盤浴/	https://tennisplaza.jp/wp/wp-content/uploads/2022/10/1669165575748-300x187.jpg
https://tennisplaza.jp/172：服の年末大感謝祭/	https://tennisplaza.jp/wp/wp-content/uploads/2022/12/1670468499556-300x225.jpg
https://tennisplaza.jp/172：服の年末大感謝祭/	https://tennisplaza.jp/wp/wp-content/uploads/2022/12/1670468504163-300x225.jpg
https://tennisplaza.jp/172：服の年末大感謝祭/	https://tennisplaza.jp/wp/wp-content/uploads/2022/12/1670468504225-300x225.jpg
https://tennisplaza.jp/172：服の年末大感謝祭/	https://tennisplaza.jp/wp/wp-content/uploads/2022/12/1670468504275-300x225.jpg
https://tennisplaza.jp/172：服の年末大感謝祭/	https://tennisplaza.jp/wp/wp-content/uploads/2022/12/1670468512359-300x225.jpg
https://tennisplaza.jp/172：服の年末大感謝祭/	https://tennisplaza.jp/wp/wp-content/uploads/2022/12/1670468512432-300x225.jpg
https://tennisplaza.jp/173：福袋/	https://tennisplaza.jp/wp/wp-content/uploads/2022/12/1670714266241-300x206.jpg
https://tennisplaza.jp/173：福袋/	https://tennisplaza.jp/wp/wp-content/uploads/2022/12/1670714266432-300x276.jpg
https://tennisplaza.jp/173：福袋/	https://tennisplaza.jp/wp/wp-content/uploads/2022/12/1670714266557-281x300.jpg
https://tennisplaza.jp/174：ユニクロのヒートテック/	https://tennisplaza.jp/wp/wp-content/uploads/2022/12/1671317985279-300x261.jpg
https://tennisplaza.jp/174：ユニクロのヒートテック/	https://tennisplaza.jp/wp/wp-content/uploads/2022/12/1671317989216-300x261.jpg
https://tennisplaza.jp/175：難波の小動物カフェ/	https://tennisplaza.jp/wp/wp-content/uploads/2022/12/1671317994607-300x250.jpg
https://tennisplaza.jp/175：難波の小動物カフェ/	https://tennisplaza.jp/wp/wp-content/uploads/2022/12/1671317994671-300x240.jpg
https://tennisplaza.jp/175：難波の小動物カフェ/	https://tennisplaza.jp/wp/wp-content/uploads/2022/12/1671318002038-300x203.jpg
https://tennisplaza.jp/175：難波の小動物カフェ/	https://tennisplaza.jp/wp/wp-content/uploads/2022/12/1671318005361-300x240.jpg
https://tennisplaza.jp/176今年の運勢/	https://tennisplaza.jp/wp/wp-content/uploads/2023/01/1672811195597-280x300.jpg
https://tennisplaza.jp/176今年の運勢/	https://tennisplaza.jp/wp/wp-content/uploads/2023/01/1672811195738-300x274.jpg
https://tennisplaza.jp/178：大好きなウマ娘！！！！/	https://tennisplaza.jp/wp/wp-content/uploads/2023/01/1672811372366-300x172.jpg
https://tennisplaza.jp/178：大好きなウマ娘！！！！/	https://tennisplaza.jp/wp/wp-content/uploads/2023/01/1672811372464-300x249.jpg
https://tennisplaza.jp/178：大好きなウマ娘！！！！/	https://tennisplaza.jp/wp/wp-content/uploads/2023/01/1672811372533-300x225.jpg
https://tennisplaza.jp/18：インターンシップ終了/	https://tennisplaza.jp/wp/wp-content/uploads/2018/12/20181226_215235-213x300.jpg
https://tennisplaza.jp/180：チョコザップ/	https://tennisplaza.jp/wp/wp-content/uploads/2023/01/1673739530036-300x168.jpg
https://tennisplaza.jp/180：チョコザップ/	https://tennisplaza.jp/wp/wp-content/uploads/2023/01/1673739530092-300x225.jpg
https://tennisplaza.jp/182：ビタミンc/	https://tennisplaza.jp/wp/wp-content/uploads/2023/01/1674355547328-300x240.jpg
https://tennisplaza.jp/183：吹田の中華バイキング/	https://tennisplaza.jp/wp/wp-content/uploads/2023/01/1675737674512-225x300.jpg
https://tennisplaza.jp/183：吹田の中華バイキング/	https://tennisplaza.jp/wp/wp-content/uploads/2023/01/1675737674619-225x300.jpg
https://tennisplaza.jp/183：吹田の中華バイキング/	https://tennisplaza.jp/wp/wp-content/uploads/2023/01/1675737674710-300x221.jpg
https://tennisplaza.jp/184：サンリオピューロランド/	https://tennisplaza.jp/wp/wp-content/uploads/2023/01/1675737683182-300x200.jpg
https://tennisplaza.jp/184：サンリオピューロランド/	https://tennisplaza.jp/wp/wp-content/uploads/2023/01/1675737683247-300x250.jpg
https://tennisplaza.jp/184：サンリオピューロランド/	https://tennisplaza.jp/wp/wp-content/uploads/2023/01/1675737683286-300x264.jpg
https://tennisplaza.jp/185：バレンタイン/	https://tennisplaza.jp/wp/wp-content/uploads/2023/03/1676167198231-225x300.jpg
https://tennisplaza.jp/186：花粉症/	https://tennisplaza.jp/wp/wp-content/uploads/2023/02/1677112805485-300x223.jpg
https://tennisplaza.jp/187：いちごバイキング/	https://tennisplaza.jp/wp/wp-content/uploads/2023/02/1678145698444-300x225.jpg
https://tennisplaza.jp/187：いちごバイキング/	https://tennisplaza.jp/wp/wp-content/uploads/2023/02/1678145700472-300x225.jpg
https://tennisplaza.jp/188：ハーブ園/	https://tennisplaza.jp/wp/wp-content/uploads/2023/03/1678576225275-225x300.jpg
https://tennisplaza.jp/188：ハーブ園/	https://tennisplaza.jp/wp/wp-content/uploads/2023/03/1678576225399-300x182.jpg
https://tennisplaza.jp/19：卒業旅行/	https://tennisplaza.jp/wp/wp-content/uploads/2018/12/20181226_215235-213x300.jpg
https://tennisplaza.jp/19：卒業旅行/	https://tennisplaza.jp/wp/wp-content/uploads/2019/02/1550543869907-300x300.jpg
https://tennisplaza.jp/190-2/	https://tennisplaza.jp/wp/wp-content/uploads/2018/12/20181226_215235-213x300.jpg
https://tennisplaza.jp/190-2/	https://tennisplaza.jp/wp/wp-content/uploads/2019/01/20190129_063814-277x300.jpg
https://tennisplaza.jp/191：台湾のドリンク/	https://tennisplaza.jp/wp/wp-content/uploads/2023/04/1686093659196-225x300.jpg
https://tennisplaza.jp/191：台湾のドリンク/	https://tennisplaza.jp/wp/wp-content/uploads/2023/04/1686093661068-225x300.jpg
https://tennisplaza.jp/193：小旅行/	https://tennisplaza.jp/wp/wp-content/uploads/2023/03/1688544816682-215x300.jpg
https://tennisplaza.jp/193：小旅行/	https://tennisplaza.jp/wp/wp-content/uploads/2023/03/1688544818073-226x300.jpg
https://tennisplaza.jp/20：卒業旅行-２/	https://tennisplaza.jp/wp/wp-content/uploads/2018/12/20181226_215235-213x300.jpg
https://tennisplaza.jp/20：卒業旅行-２/	https://tennisplaza.jp/wp/wp-content/uploads/2019/02/20190221_083610-298x300.jpg
https://tennisplaza.jp/203：一人旅～名古屋～パン編/	https://tennisplaza.jp/wp/wp-content/uploads/2023/12/1705213651613-225x300.jpg
https://tennisplaza.jp/203：一人旅～名古屋～パン編/	https://tennisplaza.jp/wp/wp-content/uploads/2023/12/1705213653552-169x300.jpg
https://tennisplaza.jp/203：一人旅～名古屋～パン編/	https://tennisplaza.jp/wp/wp-content/uploads/2023/12/1705213655343-294x300.jpg
https://tennisplaza.jp/208：台湾大衆食堂/	https://tennisplaza.jp/wp/wp-content/uploads/2024/02/1707788078764-211x300.jpg
https://tennisplaza.jp/208：台湾大衆食堂/	https://tennisplaza.jp/wp/wp-content/uploads/2024/02/1707788080768-300x176.jpg
https://tennisplaza.jp/209やっぱりおいしかった！！/	https://tennisplaza.jp/wp/wp-content/uploads/2024/02/1707805125354-225x300.jpg
https://tennisplaza.jp/21：スクスクのっぽくん/	https://tennisplaza.jp/wp/wp-content/uploads/2018/12/20181226_215235-213x300.jpg
https://tennisplaza.jp/211：新しい家族が増えました♡/	https://tennisplaza.jp/wp/wp-content/uploads/2024/02/1708848576523-225x300.jpg
https://tennisplaza.jp/212：さくらんぼの花/	https://tennisplaza.jp/wp/wp-content/uploads/2024/03/1709641147673-225x300.jpg
https://tennisplaza.jp/215：語学-学習/	https://tennisplaza.jp/wp/wp-content/uploads/2024/06/1711923131137-167x300.jpg
https://tennisplaza.jp/215：語学-学習/	https://tennisplaza.jp/wp/wp-content/uploads/2024/06/1711923144488-300x59.jpg
https://tennisplaza.jp/217：チョコグミ？/	https://tennisplaza.jp/wp/wp-content/uploads/2024/08/1713688655910-245x300.jpg
https://tennisplaza.jp/218我が家の癒し♡/	https://tennisplaza.jp/wp/wp-content/uploads/2024/04/1715728955532-182x300.jpg
https://tennisplaza.jp/22：ジュニア練習会/	https://tennisplaza.jp/wp/wp-content/uploads/2018/12/20181226_215235-213x300.jpg
https://tennisplaza.jp/220：編み物/	https://tennisplaza.jp/wp/wp-content/uploads/2024/05/1721168333391-192x300.jpg
https://tennisplaza.jp/221：オススメ中華料理屋さん/	https://tennisplaza.jp/wp/wp-content/uploads/2024/04/1721960799775-225x300.jpg
https://tennisplaza.jp/221：オススメ中華料理屋さん/	https://tennisplaza.jp/wp/wp-content/uploads/2024/04/1721960811133-300x289.jpg
https://tennisplaza.jp/221：オススメ中華料理屋さん/	https://tennisplaza.jp/wp/wp-content/uploads/2024/04/1721960820756-297x300.jpg
https://tennisplaza.jp/222：ネモフィラ祭り/	https://tennisplaza.jp/wp/wp-content/uploads/2024/08/1721962328907-225x300.jpg
https://tennisplaza.jp/222：ネモフィラ祭り/	https://tennisplaza.jp/wp/wp-content/uploads/2024/08/1721962328916-225x300.jpg
https://tennisplaza.jp/229：台湾旅行/	https://tennisplaza.jp/wp/wp-content/uploads/2024/11/1728856085813-197x300.jpg
https://tennisplaza.jp/229：台湾旅行/	https://tennisplaza.jp/wp/wp-content/uploads/2024/11/1728856097513-225x300.jpg
https://tennisplaza.jp/23：花粉症対策/	https://tennisplaza.jp/wp/wp-content/uploads/2018/10/%E3%82%A4%E3%83%B3%E3%83%88%E3%82%99%E3%82%A2%E3%82%B3%E3%83%BC%E3%83%88.jpg
https://tennisplaza.jp/23：花粉症対策/	https://tennisplaza.jp/wp/wp-content/uploads/2019/03/20190303_081902.jpg
https://tennisplaza.jp/233：やってみたかったこと/	https://tennisplaza.jp/wp/wp-content/uploads/2024/11/1731879444885-257x300.jpg
https://tennisplaza.jp/233：やってみたかったこと/	https://tennisplaza.jp/wp/wp-content/uploads/2024/11/1731879468598-245x300.jpg
https://tennisplaza.jp/233：やってみたかったこと/	https://tennisplaza.jp/wp/wp-content/uploads/2024/11/1731879477797-225x300.jpg
https://tennisplaza.jp/233：やってみたかったこと/	https://tennisplaza.jp/wp/wp-content/uploads/2024/11/1731879484297-238x300.jpg
https://tennisplaza.jp/238メキシコ料理屋さん/	https://tennisplaza.jp/wp/wp-content/uploads/2025/02/1739685116941-235x300.jpg
https://tennisplaza.jp/238メキシコ料理屋さん/	https://tennisplaza.jp/wp/wp-content/uploads/2025/02/1739685126931-206x300.jpg
https://tennisplaza.jp/238メキシコ料理屋さん/	https://tennisplaza.jp/wp/wp-content/uploads/2025/02/1739685133600-169x300.jpg
https://tennisplaza.jp/24：篠山のぼたん鍋/	https://tennisplaza.jp/wp/wp-content/uploads/2019/03/20190303_081902.jpg
https://tennisplaza.jp/24：篠山のぼたん鍋/	https://tennisplaza.jp/wp/wp-content/uploads/2019/03/IMAG0272-300x169.jpg
https://tennisplaza.jp/241お花を贈る季節/	https://tennisplaza.jp/wp/wp-content/uploads/2025/03/1743736818829-187x300.jpg
https://tennisplaza.jp/241お花を贈る季節/	https://tennisplaza.jp/wp/wp-content/uploads/2025/03/1743736821907-221x300.jpg
https://tennisplaza.jp/25：インスタグラム始めました/	https://tennisplaza.jp/wp/wp-content/uploads/2019/03/20190303_081902.jpg
https://tennisplaza.jp/25：インスタグラム始めました/	https://tennisplaza.jp/wp/wp-content/uploads/2019/03/nametag-205x300.png
https://tennisplaza.jp/26：ご来店/	https://tennisplaza.jp/wp/wp-content/uploads/2019/03/1552273557534-170x300.jpg
https://tennisplaza.jp/26：ご来店/	https://tennisplaza.jp/wp/wp-content/uploads/2019/03/1552273559710-170x300.jpg
https://tennisplaza.jp/26：ご来店/	https://tennisplaza.jp/wp/wp-content/uploads/2019/03/1552273565095-170x300.jpg
https://tennisplaza.jp/26：ご来店/	https://tennisplaza.jp/wp/wp-content/uploads/2019/03/1552273573272-170x300.jpg
https://tennisplaza.jp/26：ご来店/	https://tennisplaza.jp/wp/wp-content/uploads/2019/03/1552273575030-170x300.jpg
https://tennisplaza.jp/26：ご来店/	https://tennisplaza.jp/wp/wp-content/uploads/2019/03/1552273581881-170x300.jpg
https://tennisplaza.jp/26：ご来店/	https://tennisplaza.jp/wp/wp-content/uploads/2019/03/20190303_081902.jpg
https://tennisplaza.jp/26：ご来店/	https://tennisplaza.jp/wp/wp-content/uploads/2019/03/nametag-205x300.png
https://tennisplaza.jp/27：巨大こけし「花子」/	https://tennisplaza.jp/wp/wp-content/uploads/2019/03/20190303_081902.jpg
https://tennisplaza.jp/27：巨大こけし「花子」/	https://tennisplaza.jp/wp/wp-content/uploads/2019/03/20190314_084539-300x163.jpg
https://tennisplaza.jp/27：巨大こけし「花子」/	https://tennisplaza.jp/wp/wp-content/uploads/2019/03/20190314_091245-252x300.jpg
https://tennisplaza.jp/27：巨大こけし「花子」/	https://tennisplaza.jp/wp/wp-content/uploads/2019/03/IMG_20190311_132105_049-240x300.jpg
https://tennisplaza.jp/27：巨大こけし「花子」/	https://tennisplaza.jp/wp/wp-content/uploads/2019/03/nametag-205x300.png
https://tennisplaza.jp/28：三重旅行/	https://tennisplaza.jp/wp/wp-content/uploads/2019/03/20190303_081902.jpg
https://tennisplaza.jp/28：三重旅行/	https://tennisplaza.jp/wp/wp-content/uploads/2019/03/20190314_210245-300x225.jpg
https://tennisplaza.jp/28：三重旅行/	https://tennisplaza.jp/wp/wp-content/uploads/2019/03/nametag-205x300.png
https://tennisplaza.jp/29：三重旅行-２/	https://tennisplaza.jp/wp/wp-content/uploads/2019/03/1552564928918-225x300.jpg
https://tennisplaza.jp/29：三重旅行-２/	https://tennisplaza.jp/wp/wp-content/uploads/2019/03/20190303_081902.jpg
https://tennisplaza.jp/29：三重旅行-２/	https://tennisplaza.jp/wp/wp-content/uploads/2019/03/nametag-205x300.png
https://tennisplaza.jp/2月イベント/	https://tennisplaza.jp/wp/wp-content/uploads/2018/12/20181226_215235-213x300.jpg
https://tennisplaza.jp/2月イベント/	https://tennisplaza.jp/wp/wp-content/uploads/2019/01/20190108_130214-217x300.jpg
https://tennisplaza.jp/30：社員コーチ研修会/	https://tennisplaza.jp/wp/wp-content/uploads/2019/03/20190303_081902.jpg
https://tennisplaza.jp/30：社員コーチ研修会/	https://tennisplaza.jp/wp/wp-content/uploads/2019/03/20190322_100716-300x151.jpg
https://tennisplaza.jp/30：社員コーチ研修会/	https://tennisplaza.jp/wp/wp-content/uploads/2019/03/nametag-205x300.png
https://tennisplaza.jp/31：トーナメントジュニア春合宿終了/	https://tennisplaza.jp/wp/wp-content/uploads/2019/03/20190303_081902.jpg
https://tennisplaza.jp/31：トーナメントジュニア春合宿終了/	https://tennisplaza.jp/wp/wp-content/uploads/2019/03/20190328_090326-300x166.jpg
https://tennisplaza.jp/31：トーナメントジュニア春合宿終了/	https://tennisplaza.jp/wp/wp-content/uploads/2019/03/IMG_20190327_102159_659-300x300.jpg
https://tennisplaza.jp/31：トーナメントジュニア春合宿終了/	https://tennisplaza.jp/wp/wp-content/uploads/2019/03/nametag-205x300.png
https://tennisplaza.jp/32：花粉とか黄砂とか/	https://tennisplaza.jp/wp/wp-content/uploads/2018/10/%E3%83%AD%E3%83%92%E3%82%99%E3%83%BC%EF%BC%92-300x186.jpg
https://tennisplaza.jp/32：花粉とか黄砂とか/	https://tennisplaza.jp/wp/wp-content/uploads/2019/03/20190303_081902.jpg
https://tennisplaza.jp/32：花粉とか黄砂とか/	https://tennisplaza.jp/wp/wp-content/uploads/2019/03/20190331_081223-300x149.jpg
https://tennisplaza.jp/32：花粉とか黄砂とか/	https://tennisplaza.jp/wp/wp-content/uploads/2019/03/IMG_20190313_221737_430-300x281.jpg
https://tennisplaza.jp/32：花粉とか黄砂とか/	https://tennisplaza.jp/wp/wp-content/uploads/2019/03/nametag-205x300.png
https://tennisplaza.jp/32：花粉とか黄砂とか/	https://tennisplaza.jp/wp/wp-content/uploads/2019/04/20190408_091111-300x209.jpg
https://tennisplaza.jp/33：yonexラケット試打会/	https://tennisplaza.jp/wp/wp-content/uploads/2019/03/20190303_081902.jpg
https://tennisplaza.jp/33：yonexラケット試打会/	https://tennisplaza.jp/wp/wp-content/uploads/2019/03/nametag-205x300.png
https://tennisplaza.jp/34：令和スタート/	https://tennisplaza.jp/wp/wp-content/uploads/2019/03/20190303_081902.jpg
https://tennisplaza.jp/34：令和スタート/	https://tennisplaza.jp/wp/wp-content/uploads/2019/03/nametag-205x300.png
https://tennisplaza.jp/35：ファミマのフラッペ/	https://tennisplaza.jp/wp/wp-content/uploads/2019/03/20190303_081902.jpg
https://tennisplaza.jp/35：ファミマのフラッペ/	https://tennisplaza.jp/wp/wp-content/uploads/2019/03/nametag-205x300.png
https://tennisplaza.jp/36：社員コーチ研修会　２/	https://tennisplaza.jp/wp/wp-content/uploads/2019/03/20190303_081902.jpg
https://tennisplaza.jp/36：社員コーチ研修会　２/	https://tennisplaza.jp/wp/wp-content/uploads/2019/03/nametag-205x300.png
https://tennisplaza.jp/36：社員コーチ研修会　２/	https://tennisplaza.jp/wp/wp-content/uploads/2019/05/20190511_082554-300x249.jpg
https://tennisplaza.jp/36：社員コーチ研修会　２/	https://tennisplaza.jp/wp/wp-content/uploads/2019/05/20190515_212750-300x198.jpg
https://tennisplaza.jp/36：社員コーチ研修会　２/	https://tennisplaza.jp/wp/wp-content/uploads/2019/05/20190515_212804-300x211.jpg
https://tennisplaza.jp/37：潮江公園/	https://tennisplaza.jp/wp/wp-content/uploads/2019/03/20190303_081902.jpg
https://tennisplaza.jp/37：潮江公園/	https://tennisplaza.jp/wp/wp-content/uploads/2019/03/20190331_081223-300x149.jpg
https://tennisplaza.jp/37：潮江公園/	https://tennisplaza.jp/wp/wp-content/uploads/2019/03/nametag-205x300.png
https://tennisplaza.jp/37：潮江公園/	https://tennisplaza.jp/wp/wp-content/uploads/2019/04/20190417_221954-300x225.jpg
https://tennisplaza.jp/37：潮江公園/	https://tennisplaza.jp/wp/wp-content/uploads/2019/04/20190417_222019-300x187.jpg
https://tennisplaza.jp/37：潮江公園/	https://tennisplaza.jp/wp/wp-content/uploads/2019/05/20190517_212830-300x198.jpg
https://tennisplaza.jp/37：潮江公園/	https://tennisplaza.jp/wp/wp-content/uploads/2019/05/IMG_20190517_140223_735-300x300.jpg
https://tennisplaza.jp/38：全仏オープン2019/	https://tennisplaza.jp/wp/wp-content/uploads/2019/03/20190303_081902.jpg
https://tennisplaza.jp/38：全仏オープン2019/	https://tennisplaza.jp/wp/wp-content/uploads/2019/03/20190331_081223-300x149.jpg
https://tennisplaza.jp/38：全仏オープン2019/	https://tennisplaza.jp/wp/wp-content/uploads/2019/03/nametag-205x300.png
https://tennisplaza.jp/38：全仏オープン2019/	https://tennisplaza.jp/wp/wp-content/uploads/2019/05/20190529_064546-300x225.jpg
https://tennisplaza.jp/39：嬉しい復帰入会/	https://tennisplaza.jp/wp/wp-content/uploads/2019/03/20190303_081902.jpg
https://tennisplaza.jp/39：嬉しい復帰入会/	https://tennisplaza.jp/wp/wp-content/uploads/2019/03/20190331_081223-300x149.jpg
https://tennisplaza.jp/39：嬉しい復帰入会/	https://tennisplaza.jp/wp/wp-content/uploads/2019/03/nametag-205x300.png
https://tennisplaza.jp/39：嬉しい復帰入会/	https://tennisplaza.jp/wp/wp-content/uploads/2019/05/20190530_094658-300x294.jpg
https://tennisplaza.jp/40：山中太陽/	https://tennisplaza.jp/wp/wp-content/uploads/2019/03/20190303_081902.jpg
https://tennisplaza.jp/40：山中太陽/	https://tennisplaza.jp/wp/wp-content/uploads/2019/03/20190331_081223-300x149.jpg
https://tennisplaza.jp/40：山中太陽/	https://tennisplaza.jp/wp/wp-content/uploads/2019/03/nametag-205x300.png
https://tennisplaza.jp/40：山中太陽/	https://tennisplaza.jp/wp/wp-content/uploads/2019/06/20190602_211219-246x300.jpg
https://tennisplaza.jp/41：タピオカミルクティー/	https://tennisplaza.jp/wp/wp-content/uploads/2019/03/20190303_081902.jpg
https://tennisplaza.jp/41：タピオカミルクティー/	https://tennisplaza.jp/wp/wp-content/uploads/2019/03/20190331_081223-300x149.jpg
https://tennisplaza.jp/41：タピオカミルクティー/	https://tennisplaza.jp/wp/wp-content/uploads/2019/03/nametag-205x300.png
https://tennisplaza.jp/41：タピオカミルクティー/	https://tennisplaza.jp/wp/wp-content/uploads/2019/06/20190609_160522-300x255.jpg
https://tennisplaza.jp/42：6月16日は父の日/	https://tennisplaza.jp/wp/wp-content/uploads/2019/03/20190303_081902.jpg
https://tennisplaza.jp/42：6月16日は父の日/	https://tennisplaza.jp/wp/wp-content/uploads/2019/03/20190331_081223-300x149.jpg
https://tennisplaza.jp/42：6月16日は父の日/	https://tennisplaza.jp/wp/wp-content/uploads/2019/03/nametag-205x300.png
https://tennisplaza.jp/42：6月16日は父の日/	https://tennisplaza.jp/wp/wp-content/uploads/2019/06/20190611_115949-300x160.jpg
https://tennisplaza.jp/42：6月16日は父の日/	https://tennisplaza.jp/wp/wp-content/uploads/2019/06/IMG_20190611_085124_128-300x271.jpg
https://tennisplaza.jp/43：秘技ターゲット起こし/	https://tennisplaza.jp/wp/wp-content/uploads/2019/03/20190303_081902.jpg
https://tennisplaza.jp/43：秘技ターゲット起こし/	https://tennisplaza.jp/wp/wp-content/uploads/2019/03/20190331_081223-300x149.jpg
https://tennisplaza.jp/44：ウインブルドン優勝者クイズ/	https://tennisplaza.jp/wp/wp-content/uploads/2019/03/20190303_081902.jpg
https://tennisplaza.jp/44：ウインブルドン優勝者クイズ/	https://tennisplaza.jp/wp/wp-content/uploads/2019/03/nametag-205x300.png
https://tennisplaza.jp/44：ウインブルドン優勝者クイズ/	https://tennisplaza.jp/wp/wp-content/uploads/2019/06/IMG_20190619_075358_917-300x300.jpg
https://tennisplaza.jp/45：梅花幼稚園でテニス遊び/	https://tennisplaza.jp/wp/wp-content/uploads/2019/03/20190303_081902.jpg
https://tennisplaza.jp/45：梅花幼稚園でテニス遊び/	https://tennisplaza.jp/wp/wp-content/uploads/2019/03/nametag-205x300.png
https://tennisplaza.jp/45：梅花幼稚園でテニス遊び/	https://tennisplaza.jp/wp/wp-content/uploads/2019/06/20190619_152632-300x157.jpg
https://tennisplaza.jp/45：梅花幼稚園でテニス遊び/	https://tennisplaza.jp/wp/wp-content/uploads/2019/06/20190619_152831-300x182.jpg
https://tennisplaza.jp/45：梅花幼稚園でテニス遊び/	https://tennisplaza.jp/wp/wp-content/uploads/2019/06/20190619_153023-300x156.jpg
https://tennisplaza.jp/45：梅花幼稚園でテニス遊び/	https://tennisplaza.jp/wp/wp-content/uploads/2019/06/20190619_153108-300x162.jpg
https://tennisplaza.jp/46：日本女子テニス連盟さんのイベント/	https://tennisplaza.jp/wp/wp-content/uploads/2019/03/20190303_081902.jpg
https://tennisplaza.jp/46：日本女子テニス連盟さんのイベント/	https://tennisplaza.jp/wp/wp-content/uploads/2019/03/nametag-205x300.png
https://tennisplaza.jp/46：日本女子テニス連盟さんのイベント/	https://tennisplaza.jp/wp/wp-content/uploads/2019/06/20190624_235145-235x300.jpg
https://tennisplaza.jp/46：日本女子テニス連盟さんのイベント/	https://tennisplaza.jp/wp/wp-content/uploads/2019/06/20190624_235201-212x300.jpg
https://tennisplaza.jp/47：yaggiしょくどう/	https://tennisplaza.jp/wp/wp-content/uploads/2019/03/20190303_081902.jpg
https://tennisplaza.jp/47：yaggiしょくどう/	https://tennisplaza.jp/wp/wp-content/uploads/2019/03/nametag-205x300.png
https://tennisplaza.jp/47：yaggiしょくどう/	https://tennisplaza.jp/wp/wp-content/uploads/2019/06/20190626_124258-300x178.jpg
https://tennisplaza.jp/47：yaggiしょくどう/	https://tennisplaza.jp/wp/wp-content/uploads/2019/06/20190626_124357-300x213.jpg
https://tennisplaza.jp/47：yaggiしょくどう/	https://tennisplaza.jp/wp/wp-content/uploads/2019/06/20190626_124419-271x300.jpg
https://tennisplaza.jp/48：尼崎城/	https://tennisplaza.jp/wp/wp-content/uploads/2019/03/20190303_081902.jpg
https://tennisplaza.jp/48：尼崎城/	https://tennisplaza.jp/wp/wp-content/uploads/2019/03/nametag-205x300.png
https://tennisplaza.jp/48：尼崎城/	https://tennisplaza.jp/wp/wp-content/uploads/2019/06/1561862595161-300x170.jpg
https://tennisplaza.jp/48：尼崎城/	https://tennisplaza.jp/wp/wp-content/uploads/2019/06/1561862603245-300x170.jpg
https://tennisplaza.jp/48：尼崎城/	https://tennisplaza.jp/wp/wp-content/uploads/2019/06/20190630_114557-212x300.jpg
https://tennisplaza.jp/48：尼崎城/	https://tennisplaza.jp/wp/wp-content/uploads/2019/06/20190630_115624-300x244.jpg
https://tennisplaza.jp/49：強者シリーズ開始/	https://tennisplaza.jp/wp/wp-content/uploads/2019/03/20190303_081902.jpg
https://tennisplaza.jp/49：強者シリーズ開始/	https://tennisplaza.jp/wp/wp-content/uploads/2019/03/nametag-205x300.png
https://tennisplaza.jp/50：強者シリーズ第１回終了/	https://tennisplaza.jp/wp/wp-content/uploads/2019/03/20190303_081902.jpg
https://tennisplaza.jp/50：強者シリーズ第１回終了/	https://tennisplaza.jp/wp/wp-content/uploads/2019/03/nametag-205x300.png
https://tennisplaza.jp/51：ソルエット-アンブラ/	https://tennisplaza.jp/wp/wp-content/uploads/2019/03/20190303_081902.jpg
https://tennisplaza.jp/51：ソルエット-アンブラ/	https://tennisplaza.jp/wp/wp-content/uploads/2019/03/nametag-205x300.png
https://tennisplaza.jp/51：ソルエット-アンブラ/	https://tennisplaza.jp/wp/wp-content/uploads/2019/07/20190728_215221-300x228.jpg
https://tennisplaza.jp/51：ソルエット-アンブラ/	https://tennisplaza.jp/wp/wp-content/uploads/2019/07/20190728_215623-300x164.jpg
https://tennisplaza.jp/51：ソルエット-アンブラ/	https://tennisplaza.jp/wp/wp-content/uploads/2019/07/20190729_073535-300x181.jpg
https://tennisplaza.jp/51：ソルエット-アンブラ/	https://tennisplaza.jp/wp/wp-content/uploads/2019/07/20190729_073558-300x195.jpg
https://tennisplaza.jp/52：尼崎のかき氷屋さん/	https://tennisplaza.jp/wp/wp-content/uploads/2019/03/20190303_081902.jpg
https://tennisplaza.jp/52：尼崎のかき氷屋さん/	https://tennisplaza.jp/wp/wp-content/uploads/2019/03/nametag-205x300.png
https://tennisplaza.jp/52：尼崎のかき氷屋さん/	https://tennisplaza.jp/wp/wp-content/uploads/2019/08/DSC_0479-236x300.jpg
https://tennisplaza.jp/52：尼崎のかき氷屋さん/	https://tennisplaza.jp/wp/wp-content/uploads/2019/08/DSC_0484-e1565241619961-576x1024.jpg
https://tennisplaza.jp/52：尼崎のかき氷屋さん/	https://tennisplaza.jp/wp/wp-content/uploads/2019/08/DSC_0485-e1565241601354-576x1024.jpg
https://tennisplaza.jp/53：レンタル自転車/	https://tennisplaza.jp/wp/wp-content/uploads/2019/03/20190303_081902.jpg
https://tennisplaza.jp/53：レンタル自転車/	https://tennisplaza.jp/wp/wp-content/uploads/2019/03/nametag-205x300.png
https://tennisplaza.jp/53：レンタル自転車/	https://tennisplaza.jp/wp/wp-content/uploads/2019/08/20190811_130606-300x212.jpg
https://tennisplaza.jp/53：レンタル自転車/	https://tennisplaza.jp/wp/wp-content/uploads/2019/08/20190811_130620-300x209.jpg
https://tennisplaza.jp/53：レンタル自転車/	https://tennisplaza.jp/wp/wp-content/uploads/2019/08/20190811_130633-300x228.jpg
https://tennisplaza.jp/54：ポケモン/	https://tennisplaza.jp/wp/wp-content/uploads/2019/03/20190303_081902.jpg
https://tennisplaza.jp/54：ポケモン/	https://tennisplaza.jp/wp/wp-content/uploads/2019/03/nametag-205x300.png
https://tennisplaza.jp/54：ポケモン/	https://tennisplaza.jp/wp/wp-content/uploads/2019/09/1567571951032-300x210.jpg
https://tennisplaza.jp/55：北海道旅行/	https://tennisplaza.jp/wp/wp-content/uploads/2019/03/20190303_081902.jpg
https://tennisplaza.jp/55：北海道旅行/	https://tennisplaza.jp/wp/wp-content/uploads/2019/03/nametag-205x300.png
https://tennisplaza.jp/55：北海道旅行/	https://tennisplaza.jp/wp/wp-content/uploads/2019/09/1568082191995-300x225.jpg
https://tennisplaza.jp/56：北海道旅行２/	https://tennisplaza.jp/wp/wp-content/uploads/2019/03/20190303_081902.jpg
https://tennisplaza.jp/56：北海道旅行２/	https://tennisplaza.jp/wp/wp-content/uploads/2019/03/nametag-205x300.png
https://tennisplaza.jp/56：北海道旅行２/	https://tennisplaza.jp/wp/wp-content/uploads/2019/09/1568082194535-300x225.jpg
https://tennisplaza.jp/57：スクール好評御礼/	https://tennisplaza.jp/wp/wp-content/uploads/2018/10/%E3%82%A4%E3%83%B3%E3%83%88%E3%82%99%E3%82%A2%E3%82%B3%E3%83%BC%E3%83%88-300x186.jpg
https://tennisplaza.jp/57：スクール好評御礼/	https://tennisplaza.jp/wp/wp-content/uploads/2019/03/20190303_081902.jpg
https://tennisplaza.jp/57：スクール好評御礼/	https://tennisplaza.jp/wp/wp-content/uploads/2019/03/nametag-205x300.png
https://tennisplaza.jp/57：スクール好評御礼/	https://tennisplaza.jp/wp/wp-content/uploads/2019/09/20190917_065421-300x203.jpg
https://tennisplaza.jp/58：スクールの特徴/	https://tennisplaza.jp/wp/wp-content/uploads/2019/03/20190303_081902.jpg
https://tennisplaza.jp/58：スクールの特徴/	https://tennisplaza.jp/wp/wp-content/uploads/2019/03/nametag-205x300.png
https://tennisplaza.jp/58：スクールの特徴/	https://tennisplaza.jp/wp/wp-content/uploads/2019/09/20190921_080404-252x300.jpg
https://tennisplaza.jp/58：スクールの特徴/	https://tennisplaza.jp/wp/wp-content/uploads/2019/09/20190921_080419-1-255x300.jpg
https://tennisplaza.jp/58：スクールの特徴/	https://tennisplaza.jp/wp/wp-content/uploads/2019/09/20190921_080435-1-274x300.jpg
https://tennisplaza.jp/58：スクールの特徴/	https://tennisplaza.jp/wp/wp-content/uploads/2019/09/20190921_080454-2-287x300.jpg
https://tennisplaza.jp/59：箕面の滝/	https://tennisplaza.jp/wp/wp-content/uploads/2019/03/20190303_081902.jpg
https://tennisplaza.jp/59：箕面の滝/	https://tennisplaza.jp/wp/wp-content/uploads/2019/03/nametag-205x300.png
https://tennisplaza.jp/６：ドトールコーヒー/	https://tennisplaza.jp/wp/wp-content/uploads/2018/10/%E3%83%AD%E3%83%92%E3%82%99%E3%83%BC%EF%BC%92-300x186.jpg
https://tennisplaza.jp/６：ドトールコーヒー/	https://tennisplaza.jp/wp/wp-content/uploads/2018/12/20181226_215235-213x300.jpg
https://tennisplaza.jp/６：ドトールコーヒー/	https://tennisplaza.jp/wp/wp-content/uploads/2019/01/20190113_083437-300x234.jpg
https://tennisplaza.jp/60：照明-取換え/	https://tennisplaza.jp/wp/wp-content/uploads/2019/03/20190303_081902.jpg
https://tennisplaza.jp/60：照明-取換え/	https://tennisplaza.jp/wp/wp-content/uploads/2019/03/nametag-205x300.png
https://tennisplaza.jp/60：照明-取換え/	https://tennisplaza.jp/wp/wp-content/uploads/2019/10/20191006_174122-300x155.jpg
https://tennisplaza.jp/61：社員コーチ総選挙　＊結果＆番外編/	https://tennisplaza.jp/wp/wp-content/uploads/2019/03/20190303_081902.jpg
https://tennisplaza.jp/61：社員コーチ総選挙　＊結果＆番外編/	https://tennisplaza.jp/wp/wp-content/uploads/2019/03/nametag-205x300.png
https://tennisplaza.jp/61：社員コーチ総選挙　＊結果＆番外編/	https://tennisplaza.jp/wp/wp-content/uploads/2019/10/20191011_153027-300x245.jpg
https://tennisplaza.jp/61：社員コーチ総選挙　＊結果＆番外編/	https://tennisplaza.jp/wp/wp-content/uploads/2019/10/20191011_153047-300x237.jpg
https://tennisplaza.jp/61：社員コーチ総選挙　＊結果＆番外編/	https://tennisplaza.jp/wp/wp-content/uploads/2019/10/20191011_153103-300x245.jpg
https://tennisplaza.jp/61：社員コーチ総選挙　＊結果＆番外編/	https://tennisplaza.jp/wp/wp-content/uploads/2019/10/20191011_153118-300x248.jpg
https://tennisplaza.jp/61：社員コーチ総選挙　＊結果＆番外編/	https://tennisplaza.jp/wp/wp-content/uploads/2019/10/20191011_153134-300x285.jpg
https://tennisplaza.jp/62：強力助っ人加入/	https://tennisplaza.jp/wp/wp-content/uploads/2019/03/20190303_081902.jpg
https://tennisplaza.jp/62：強力助っ人加入/	https://tennisplaza.jp/wp/wp-content/uploads/2019/03/nametag-205x300.png
https://tennisplaza.jp/62：強力助っ人加入/	https://tennisplaza.jp/wp/wp-content/uploads/2019/10/20191020_125923-300x148.jpg
https://tennisplaza.jp/62：強力助っ人加入/	https://tennisplaza.jp/wp/wp-content/uploads/2019/10/20191020_125959-300x202.jpg
https://tennisplaza.jp/62：強力助っ人加入/	https://tennisplaza.jp/wp/wp-content/uploads/2019/10/20191020_130025-300x162.jpg
https://tennisplaza.jp/62：強力助っ人加入/	https://tennisplaza.jp/wp/wp-content/uploads/2019/10/20191020_130049-300x149.jpg
https://tennisplaza.jp/63：ラケットキャンペーンスタート/	https://tennisplaza.jp/wp/wp-content/uploads/2019/03/20190303_081902.jpg
https://tennisplaza.jp/63：ラケットキャンペーンスタート/	https://tennisplaza.jp/wp/wp-content/uploads/2019/03/nametag-205x300.png
https://tennisplaza.jp/63：ラケットキャンペーンスタート/	https://tennisplaza.jp/wp/wp-content/uploads/2019/10/20191026_112746-246x300.jpg
https://tennisplaza.jp/63：ラケットキャンペーンスタート/	https://tennisplaza.jp/wp/wp-content/uploads/2019/10/20191026_112800-242x300.jpg
https://tennisplaza.jp/63：ラケットキャンペーンスタート/	https://tennisplaza.jp/wp/wp-content/uploads/2019/10/20191026_112818-300x223.jpg
https://tennisplaza.jp/64：越智-真プロ/	https://tennisplaza.jp/wp/wp-content/uploads/2019/03/20190303_081902.jpg
https://tennisplaza.jp/64：越智-真プロ/	https://tennisplaza.jp/wp/wp-content/uploads/2019/03/nametag-205x300.png
https://tennisplaza.jp/64：越智-真プロ/	https://tennisplaza.jp/wp/wp-content/uploads/2019/11/20191117_100932-300x181.jpg
https://tennisplaza.jp/64：越智-真プロ/	https://tennisplaza.jp/wp/wp-content/uploads/2019/11/20191117_101019-300x152.jpg
https://tennisplaza.jp/64：越智-真プロ/	https://tennisplaza.jp/wp/wp-content/uploads/2019/11/20191117_101042-300x166.jpg
https://tennisplaza.jp/64：越智-真プロ/	https://tennisplaza.jp/wp/wp-content/uploads/2019/11/20191117_101101-247x300.jpg
https://tennisplaza.jp/65：カフェ　ホロイムア/	https://tennisplaza.jp/wp/wp-content/uploads/2019/03/20190303_081902.jpg
https://tennisplaza.jp/65：カフェ　ホロイムア/	https://tennisplaza.jp/wp/wp-content/uploads/2019/03/nametag-205x300.png
https://tennisplaza.jp/65：カフェ　ホロイムア/	https://tennisplaza.jp/wp/wp-content/uploads/2019/11/20191121_084734-300x238.jpg
https://tennisplaza.jp/65：カフェ　ホロイムア/	https://tennisplaza.jp/wp/wp-content/uploads/2019/11/20191121_084752-300x179.jpg
https://tennisplaza.jp/65：カフェ　ホロイムア/	https://tennisplaza.jp/wp/wp-content/uploads/2019/11/20191121_084820-300x228.jpg
https://tennisplaza.jp/65：カフェ　ホロイムア/	https://tennisplaza.jp/wp/wp-content/uploads/2019/11/20191121_084833-300x254.jpg
https://tennisplaza.jp/66：２０１９全日本ベテラン優勝/	https://tennisplaza.jp/wp/wp-content/uploads/2019/03/20190303_081902.jpg
https://tennisplaza.jp/66：２０１９全日本ベテラン優勝/	https://tennisplaza.jp/wp/wp-content/uploads/2019/03/nametag-205x300.png
https://tennisplaza.jp/66：２０１９全日本ベテラン優勝/	https://tennisplaza.jp/wp/wp-content/uploads/2019/11/20191121_214357-187x300.jpg
https://tennisplaza.jp/66：２０１９全日本ベテラン優勝/	https://tennisplaza.jp/wp/wp-content/uploads/2019/11/20191121_214712-211x300.jpg
https://tennisplaza.jp/67：ミカン狩り/	https://tennisplaza.jp/wp/wp-content/uploads/2019/03/20190303_081902.jpg
https://tennisplaza.jp/67：ミカン狩り/	https://tennisplaza.jp/wp/wp-content/uploads/2019/03/nametag-205x300.png
https://tennisplaza.jp/68：初心者🔰応援レッスン/	https://tennisplaza.jp/wp/wp-content/uploads/2019/03/20190303_081902.jpg
https://tennisplaza.jp/68：初心者🔰応援レッスン/	https://tennisplaza.jp/wp/wp-content/uploads/2019/03/nametag-205x300.png
https://tennisplaza.jp/69：尼崎えびす神社/	https://tennisplaza.jp/wp/wp-content/uploads/2019/03/20190303_081902.jpg
https://tennisplaza.jp/69：尼崎えびす神社/	https://tennisplaza.jp/wp/wp-content/uploads/2019/03/nametag-205x300.png
https://tennisplaza.jp/69：尼崎えびす神社/	https://tennisplaza.jp/wp/wp-content/uploads/2019/12/20191225_222102-300x191.jpg
https://tennisplaza.jp/69：尼崎えびす神社/	https://tennisplaza.jp/wp/wp-content/uploads/2019/12/20191225_222115-300x173.jpg
https://tennisplaza.jp/69：尼崎えびす神社/	https://tennisplaza.jp/wp/wp-content/uploads/2019/12/20191225_222137-300x244.jpg
https://tennisplaza.jp/69：尼崎えびす神社/	https://tennisplaza.jp/wp/wp-content/uploads/2019/12/20191225_222154-285x300.jpg
https://tennisplaza.jp/69：尼崎えびす神社/	https://tennisplaza.jp/wp/wp-content/uploads/2019/12/20191225_222208-300x189.jpg
https://tennisplaza.jp/７：全豪オープン２０１９/	https://tennisplaza.jp/wp/wp-content/uploads/2018/12/20181226_215235-213x300.jpg
https://tennisplaza.jp/70：初詣/	https://tennisplaza.jp/wp/wp-content/uploads/2019/03/20190303_081902.jpg
https://tennisplaza.jp/70：初詣/	https://tennisplaza.jp/wp/wp-content/uploads/2019/03/nametag-205x300.png
https://tennisplaza.jp/70：初詣/	https://tennisplaza.jp/wp/wp-content/uploads/2020/01/DSC_1525-e1578378750176-169x300.jpg
https://tennisplaza.jp/70：初詣/	https://tennisplaza.jp/wp/wp-content/uploads/2020/01/DSC_1526-e1578378808917-169x300.jpg
https://tennisplaza.jp/70：初詣/	https://tennisplaza.jp/wp/wp-content/uploads/2020/01/DSC_1528-e1578378682496-169x300.jpg
https://tennisplaza.jp/70：初詣/	https://tennisplaza.jp/wp/wp-content/uploads/2020/01/DSC_1530-e1578378715555-169x300.jpg
https://tennisplaza.jp/71：全豪オープンクイズ/	https://tennisplaza.jp/wp/wp-content/uploads/2019/03/20190303_081902.jpg
https://tennisplaza.jp/71：全豪オープンクイズ/	https://tennisplaza.jp/wp/wp-content/uploads/2019/03/nametag-205x300.png
https://tennisplaza.jp/71：全豪オープンクイズ/	https://tennisplaza.jp/wp/wp-content/uploads/2020/01/20200110_132619-300x237.jpg
https://tennisplaza.jp/72：ポケモン/	https://tennisplaza.jp/wp/wp-content/uploads/2019/03/20190303_081902.jpg
https://tennisplaza.jp/72：ポケモン/	https://tennisplaza.jp/wp/wp-content/uploads/2019/03/nametag-205x300.png
https://tennisplaza.jp/73：ライブ/	https://tennisplaza.jp/wp/wp-content/uploads/2019/03/20190303_081902.jpg
https://tennisplaza.jp/73：ライブ/	https://tennisplaza.jp/wp/wp-content/uploads/2019/03/nametag-205x300.png
https://tennisplaza.jp/74：yonexラケット試打会/	https://tennisplaza.jp/wp/wp-content/uploads/2019/03/20190303_081902.jpg
https://tennisplaza.jp/74：yonexラケット試打会/	https://tennisplaza.jp/wp/wp-content/uploads/2019/03/nametag-205x300.png
https://tennisplaza.jp/74：yonexラケット試打会/	https://tennisplaza.jp/wp/wp-content/uploads/2020/02/20200206_083711-1-300x204.jpg
https://tennisplaza.jp/75：梅花幼稚園で年中さんとテニス遊び/	https://tennisplaza.jp/wp/wp-content/uploads/2019/03/20190303_081902.jpg
https://tennisplaza.jp/75：梅花幼稚園で年中さんとテニス遊び/	https://tennisplaza.jp/wp/wp-content/uploads/2019/03/nametag-205x300.png
https://tennisplaza.jp/75：梅花幼稚園で年中さんとテニス遊び/	https://tennisplaza.jp/wp/wp-content/uploads/2020/02/20200212_160405-300x217.jpg
https://tennisplaza.jp/75：梅花幼稚園で年中さんとテニス遊び/	https://tennisplaza.jp/wp/wp-content/uploads/2020/02/20200212_160420-300x153.jpg
https://tennisplaza.jp/75：梅花幼稚園で年中さんとテニス遊び/	https://tennisplaza.jp/wp/wp-content/uploads/2020/02/20200212_160451-300x177.jpg
https://tennisplaza.jp/75：梅花幼稚園で年中さんとテニス遊び/	https://tennisplaza.jp/wp/wp-content/uploads/2020/02/20200212_160505-300x210.jpg
https://tennisplaza.jp/75：梅花幼稚園で年中さんとテニス遊び/	https://tennisplaza.jp/wp/wp-content/uploads/2020/02/20200212_160552-300x140.jpg
https://tennisplaza.jp/75：梅花幼稚園で年中さんとテニス遊び/	https://tennisplaza.jp/wp/wp-content/uploads/2020/02/20200212_160620-300x227.jpg
https://tennisplaza.jp/75：梅花幼稚園で年中さんとテニス遊び/	https://tennisplaza.jp/wp/wp-content/uploads/2020/02/20200212_160656-300x146.jpg
https://tennisplaza.jp/75：梅花幼稚園で年中さんとテニス遊び/	https://tennisplaza.jp/wp/wp-content/uploads/2020/02/20200212_161253-300x218.jpg
https://tennisplaza.jp/76：帝国ホテル大阪/	https://tennisplaza.jp/wp/wp-content/uploads/2019/03/20190303_081902.jpg
https://tennisplaza.jp/76：帝国ホテル大阪/	https://tennisplaza.jp/wp/wp-content/uploads/2019/03/nametag-205x300.png
https://tennisplaza.jp/77：マニアック絵しりとり/	https://tennisplaza.jp/wp/wp-content/uploads/2020/04/1588170859853-300x225.jpg
https://tennisplaza.jp/77：マニアック絵しりとり/	https://tennisplaza.jp/wp/wp-content/uploads/2020/04/20200429_233707-201x300.jpg
https://tennisplaza.jp/78：「密です！」/	https://tennisplaza.jp/wp/wp-content/uploads/2020/04/1588170859853-300x225.jpg
https://tennisplaza.jp/78：「密です！」/	https://tennisplaza.jp/wp/wp-content/uploads/2020/04/20200430_112122-231x300.jpg
https://tennisplaza.jp/78：「密です！」/	https://tennisplaza.jp/wp/wp-content/uploads/2020/04/20200430_112140-254x300.jpg
https://tennisplaza.jp/78：「密です！」/	https://tennisplaza.jp/wp/wp-content/uploads/2020/04/20200430_112223-244x300.jpg
https://tennisplaza.jp/78：「密です！」/	https://tennisplaza.jp/wp/wp-content/uploads/2020/04/20200430_112250-247x300.jpg
https://tennisplaza.jp/7月イベント情報/	https://tennisplaza.jp/wp/wp-content/uploads/2019/03/20190303_081902-742x1024.jpg
https://tennisplaza.jp/7月イベント情報/	https://tennisplaza.jp/wp/wp-content/uploads/2019/03/nametag-205x300.png
https://tennisplaza.jp/7月イベント情報/	https://tennisplaza.jp/wp/wp-content/uploads/2019/05/20190529_173347-213x300.jpg
https://tennisplaza.jp/7月イベント情報/	https://tennisplaza.jp/wp/wp-content/uploads/2019/05/20190529_173522-210x300.jpg
https://tennisplaza.jp/８：ジュニアクラスの活性化/	https://tennisplaza.jp/wp/wp-content/uploads/2018/12/20181226_215235-213x300.jpg
https://tennisplaza.jp/85プロ選手がナイター練習会に！！　追記あり/	https://tennisplaza.jp/wp/wp-content/uploads/2019/07/20190715_124435-207x300.jpg
https://tennisplaza.jp/86プラットフォーム/	https://tennisplaza.jp/wp/wp-content/uploads/2019/03/20190303_081902.jpg
https://tennisplaza.jp/87：山中太陽プロ　ビーコビお疲れ様！/	https://tennisplaza.jp/wp/wp-content/uploads/2020/07/20200723_132820-247x300.jpg
https://tennisplaza.jp/88：スポーツジム/	https://tennisplaza.jp/wp/wp-content/uploads/2019/03/20190303_081902.jpg
https://tennisplaza.jp/89：ウェア爆買い第２弾/	https://tennisplaza.jp/wp/wp-content/uploads/2019/03/20190303_081902.jpg
https://tennisplaza.jp/８月イベント情報/	https://tennisplaza.jp/wp/wp-content/uploads/2019/03/20190303_081902-742x1024.jpg
https://tennisplaza.jp/８月イベント情報/	https://tennisplaza.jp/wp/wp-content/uploads/2019/03/nametag-205x300.png
https://tennisplaza.jp/８月イベント情報/	https://tennisplaza.jp/wp/wp-content/uploads/2019/07/20190710_153027-213x300.jpg
https://tennisplaza.jp/８月イベント情報/	https://tennisplaza.jp/wp/wp-content/uploads/2019/07/20190710_153045-215x300.jpg
https://tennisplaza.jp/９：低周波治療器/	https://tennisplaza.jp/wp/wp-content/uploads/2018/12/20181226_215235-213x300.jpg
https://tennisplaza.jp/90：営業終了後に思うこと/	https://tennisplaza.jp/wp/wp-content/uploads/2019/03/20190303_081902.jpg
https://tennisplaza.jp/91：ダイエット効果？/	https://tennisplaza.jp/wp/wp-content/uploads/2019/03/20190303_081902.jpg
https://tennisplaza.jp/92：ミルクボーイ/	https://tennisplaza.jp/wp/wp-content/uploads/2019/03/20190303_081902.jpg
https://tennisplaza.jp/93：日経新聞/	https://tennisplaza.jp/wp/wp-content/uploads/2019/09/20190921_080346-228x300.jpg
https://tennisplaza.jp/93：日経新聞/	https://tennisplaza.jp/wp/wp-content/uploads/2019/09/20190921_080404-252x300.jpg
https://tennisplaza.jp/93：日経新聞/	https://tennisplaza.jp/wp/wp-content/uploads/2019/09/20190921_080419-1-255x300.jpg
https://tennisplaza.jp/93：日経新聞/	https://tennisplaza.jp/wp/wp-content/uploads/2019/09/20190921_080435-1-274x300.jpg
https://tennisplaza.jp/94：復帰入会キャンペーン/	https://tennisplaza.jp/wp/wp-content/uploads/2019/09/20190921_080346-228x300.jpg
https://tennisplaza.jp/94：復帰入会キャンペーン/	https://tennisplaza.jp/wp/wp-content/uploads/2019/09/20190921_080404-252x300.jpg
https://tennisplaza.jp/94：復帰入会キャンペーン/	https://tennisplaza.jp/wp/wp-content/uploads/2019/09/20190921_080419-1-255x300.jpg
https://tennisplaza.jp/94：復帰入会キャンペーン/	https://tennisplaza.jp/wp/wp-content/uploads/2019/09/20190921_080435-1-274x300.jpg
https://tennisplaza.jp/94：復帰入会キャンペーン/	https://tennisplaza.jp/wp/wp-content/uploads/2020/11/20201206_093743-213x300.jpg
https://tennisplaza.jp/95：潮江公園の紅葉/	https://tennisplaza.jp/wp/wp-content/uploads/2019/09/20190921_080346-228x300.jpg
https://tennisplaza.jp/95：潮江公園の紅葉/	https://tennisplaza.jp/wp/wp-content/uploads/2019/09/20190921_080404-252x300.jpg
https://tennisplaza.jp/95：潮江公園の紅葉/	https://tennisplaza.jp/wp/wp-content/uploads/2019/09/20190921_080419-1-255x300.jpg
https://tennisplaza.jp/95：潮江公園の紅葉/	https://tennisplaza.jp/wp/wp-content/uploads/2019/09/20190921_080435-1-274x300.jpg
https://tennisplaza.jp/95：潮江公園の紅葉/	https://tennisplaza.jp/wp/wp-content/uploads/2020/11/20201114_113836-300x286.jpg
https://tennisplaza.jp/95：潮江公園の紅葉/	https://tennisplaza.jp/wp/wp-content/uploads/2020/11/20201114_130241-300x278.jpg
https://tennisplaza.jp/95：潮江公園の紅葉/	https://tennisplaza.jp/wp/wp-content/uploads/2020/11/20201117_084937-212x300.jpg
https://tennisplaza.jp/95：潮江公園の紅葉/	https://tennisplaza.jp/wp/wp-content/uploads/2020/11/20201206_093743-213x300.jpg
https://tennisplaza.jp/96：謹賀新年/	https://tennisplaza.jp/wp/wp-content/uploads/2019/09/20190921_080346-228x300.jpg
https://tennisplaza.jp/96：謹賀新年/	https://tennisplaza.jp/wp/wp-content/uploads/2019/09/20190921_080404-252x300.jpg
https://tennisplaza.jp/96：謹賀新年/	https://tennisplaza.jp/wp/wp-content/uploads/2019/09/20190921_080419-1-255x300.jpg
https://tennisplaza.jp/96：謹賀新年/	https://tennisplaza.jp/wp/wp-content/uploads/2019/09/20190921_080435-1-274x300.jpg
https://tennisplaza.jp/96：謹賀新年/	https://tennisplaza.jp/wp/wp-content/uploads/2020/11/20201117_084937-212x300.jpg
https://tennisplaza.jp/96：謹賀新年/	https://tennisplaza.jp/wp/wp-content/uploads/2020/11/20201206_093743-213x300.jpg
https://tennisplaza.jp/96：謹賀新年/	https://tennisplaza.jp/wp/wp-content/uploads/2021/01/20201215_064237-1-214x300.jpg
https://tennisplaza.jp/96：謹賀新年/	https://tennisplaza.jp/wp/wp-content/uploads/2021/01/20210106_083751-179x300.jpg
https://tennisplaza.jp/96：謹賀新年/	https://tennisplaza.jp/wp/wp-content/uploads/2021/01/20210106_083842-300x172.jpg
https://tennisplaza.jp/99：ポケモンgo/	https://tennisplaza.jp/wp/wp-content/uploads/2020/11/20201206_093743-213x300.jpg
https://tennisplaza.jp/99：ポケモンgo/	https://tennisplaza.jp/wp/wp-content/uploads/2021/01/20201215_064237-1-214x300.jpg
https://tennisplaza.jp/sample-post4/	https://tennisplaza.jp/wp/wp-content/uploads/2018/12/20181226_215235-213x300.jpg
https://tennisplaza.jp/sample-post4/	https://tennisplaza.jp/wp/wp-content/uploads/2019/01/20190111_072711-300x139.jpg
https://tennisplaza.jp/sample-post5/	https://tennisplaza.jp/wp/wp-content/uploads/2018/12/20181226_215235-213x300.jpg
https://tennisplaza.jp/sample-post5/	https://tennisplaza.jp/wp/wp-content/uploads/2019/01/1547178071500-300x300.jpg
https://tennisplaza.jp/年始イベント追加～テーマ別レッスン/	https://tennisplaza.jp/wp/wp-content/uploads/2018/12/20181226_215235-213x300.jpg
https://tennisplaza.jp/満員御礼～１月２日ビッグイベント開催/	https://tennisplaza.jp/wp/wp-content/uploads/2018/12/20181226_215235-213x300.jpg
